cpf,nome,endereco,telefone,data_nascimento
11111111111,ADRIANA,SANTA FE,99990000,1980-03-07
11111222222,ADRIANO,BARAO DO RIO BRANCO 123,99990001,1981-02-07
11111333333,AGNALDO,LINO COUTINHO 678,99990002,1982-01-07
11111444444,AIRTON,DEODORO DA FONSECA 1033,99990003,1982-12-07
11111555555,BRUNO,GETULIO VARGAS 12,99990004,1983-11-07
11111666666,CAMILA,IPIRANGA 555,99990005,1984-10-07
11111777777,CARLOS,ATLANTICA 2043,99990006,1985-09-07
11111888888,CELSO,IPANEMA,99990007,1986-08-07
11111999999,DANIEL,SAO JOAO,99990008,1987-07-07
11112111110,DANIELA,AFONSO PENA,99990009,1988-06-07
11122222210,DIEGO,CONTORNO,99990010,1989-05-07
11112333332,EDIMILSON,TRABALHADOR,99990011,1990-04-07
