id,nome
,Fisiologia
,Biologia celular
,Dentística
,Endodontia
,Periodontia
,Psicologia Social
,Psicopatologia
,Neuropsicologia
,Antropologia
,Direito Romano
,Direito Civil
,Direito Constitucional
,Sociologia
,Macroeconomia
,Microeconomia
,Contabilidade
,Econometria
,TGA
,RH1
,RH2
,Administração financeira
,Marketing
,Planejamento Estratégico
,Pré-calculo
,Cálculo I
,Cálculo II
,Lógica
,Álgebra
,Estatística
,Álgebra Linear
,Física Experimental
,Física I
,Física II
,Geometria Analítica
,Circuitos Elétricos
,Eletromagnetismo
,Eletrônica Digital
,Algoritmos
,BD I
,BD II
,Lógica de Programação
,Linguagem de Programação
,Circuitos Digitais e Elétricos
,Robótica
,Sistemas Operacionais
,Arquitetura de Computadores
,Introdução à computação
,Programação em Assembly
